,ECG_P_Peaks,ECG_Q_Peaks,ECG_S_Peaks,ECG_T_Peaks,ECG_P_Onsets,ECG_T_Offsets,ECG_Start,ECG_Stop,ECG_R_Peaks
0,"[400, 878, 1375, 1834, 2304, 2789, 3258, 3706, 4155, 4627]","[444, 946, 1406, 1861, 2337, 2808, 3307, 3744, 4184, 4683]","[517, 1024, 1484, 1947, 2421, 2894, 3367, 3821, 4279, 4745]","[629, 1100, 1594, 2054, 2527, 3010, 3477, 3926, 4372, 4855]","[371, 854, 1359, 1825, 2296, 2728, 3239, 3696, 4125, 4616]","[657, 1126, 1620, 2093, 2552, 3036, 3505, 3957, 4412, 4892]","[321, 804, 1309, 1775, 2246, 2678, 3189, 3646, 4075, 4566]","[707, 1176, 1670, 2143, 2602, 3086, 3555, 4007, 4462, 4942]","[487, 960, 1450, 1916, 2389, 2864, 3335, 3785, 4234, 4713]"
1,"[446, 823, 1174, 1554, 1936, 2292, 2643, 3019, 3376, 3731, 4097, 4475, 4852]","[496, 881, 1231, 1599, 1973, 2334, 2696, 3067, 3415, 3780, 4151, 4526, 4891]","[523, 893, 1258, 1626, 2008, 2353, 2716, 3093, 3446, 3811, 4169, 4548, 4916]","[655, 1048, 1380, 1747, 2134, 2488, 2867, 3215, 3579, 3926, 4324, 4695, 4935]","[418, 759, 1165, 1479, 1893, 2262, 2628, 2932, 3273, 3700, 4032, 4432, 4835]","[688, 1078, 1395, 1823, 2167, 2523, 2895, 3273, 3615, 3975, 4343, 4721, 4982]","[368, 709, 1115, 1429, 1843, 2212, 2578, 2882, 3223, 3650, 3982, 4382, 4785]","[738, 1128, 1445, 1873, 2217, 2573, 2945, 3323, 3665, 4025, 4393, 4771, 5032]","[509, 883, 1244, 1613, 1988, 2346, 2711, 3081, 3434, 3792, 4161, 4539, 4907]"
2,"[250, 628, 965, 1299, 1622, 1996, 2390, 2754, 3117, 3461, 3852, 4228, 4606, 4772]","[283, 664, 1010, 1330, 1651, 2022, 2398, 2799, 3149, 3483, 3881, 4259, 4635, 4916]","[322, 695, 1037, 1365, 1696, 2055, 2448, 2828, 3176, 3534, 3915, 4300, 4671, 4931]","[419, 801, 1143, 1475, 1809, 2173, 2567, 2927, 3277, 3661, 4032, 4395, 4772, 4935]","[220, 599, 946, 1269, 1573, 1955, 2328, 2744, 2991, 3436, 3832, 4218, 4521, 4758]","[473, 816, 1182, 1502, 1870, 2218, 2621, 2969, 3320, 3674, 4058, 4407, 4870, 4983]","[170, 549, 896, 1219, 1523, 1905, 2278, 2694, 2941, 3386, 3782, 4168, 4471, 4708]","[523, 866, 1232, 1552, 1920, 2268, 2671, 3019, 3370, 3724, 4108, 4457, 4920, 5033]","[311, 683, 1027, 1353, 1685, 2043, 2437, 2816, 3164, 3522, 3903, 4288, 4660, 4924]"
3,"[148, 358, 932, 1149, 1671, 1833, 2208, 2400, 2783, 2992, 3519, 3710, 4384, 4581]","[182, 443, 970, 1225, 1711, 1966, 2257, 2494, 2809, 3093, 3564, 3817, 4424, 4688]","[212, 471, 1001, 1254, 1741, 1995, 2287, 2523, 2864, 3125, 3591, 3846, 4457, 4717]","[358, 583, 1149, 1370, 1833, 2104, 2400, 2634, 2992, 3222, 3710, 3956, 4581, 4829]","[127, 305, 923, 1138, 1650, 1823, 2135, 2372, 2765, 2965, 3511, 3666, 4283, 4550]","[388, 610, 1178, 1406, 1926, 2135, 2460, 2665, 3024, 3264, 3771, 3978, 4646, 4861]","[77, 255, 873, 1088, 1600, 1773, 2085, 2322, 2715, 2915, 3461, 3616, 4233, 4500]","[438, 660, 1228, 1456, 1976, 2185, 2510, 2715, 3074, 3314, 3821, 4028, 4696, 4911]","[197, 454, 986, 1239, 1724, 1977, 2273, 2504, 2849, 3103, 3575, 3829, 4444, 4700]"
4,"[382, 752, 1130, 1515, 1902, 2287, 2662, 3053, 3414, 3797, 4185, 4559]","[420, 783, 1171, 1555, 1938, 2325, 2684, 3086, 3459, 3833, 4219, 4607]","[444, 818, 1194, 1581, 1961, 2344, 2727, 3111, 3484, 3854, 4247, 4631]","[563, 935, 1310, 1695, 2089, 2460, 2844, 3224, 3608, 3971, 4362, 4749]","[370, 740, 1076, 1500, 1883, 2274, 2649, 3001, 3387, 3775, 4166, 4546]","[601, 972, 1360, 1722, 2125, 2493, 2891, 3269, 3628, 4003, 4409, 4789]","[320, 690, 1026, 1450, 1833, 2224, 2599, 2951, 3337, 3725, 4116, 4496]","[651, 1022, 1410, 1772, 2175, 2543, 2941, 3319, 3678, 4053, 4459, 4839]","[435, 809, 1185, 1566, 1952, 2335, 2717, 3101, 3474, 3845, 4233, 4619]"
5,"[168, 530, 913, 1305, 1684, 2041, 2384, 2716, 3056, 3443, 3850, 4246, 4606, 4789]","[187, 550, 942, 1341, 1718, 2058, 2414, 2747, 3092, 3473, 3865, 4263, 4626, 4902]","[233, 596, 973, 1371, 1750, 2106, 2446, 2778, 3124, 3504, 3915, 4306, 4677, 4924]","[347, 707, 1084, 1478, 1852, 2217, 2556, 2883, 3228, 3607, 4022, 4404, 4789, 4930]","[158, 516, 896, 1293, 1670, 2025, 2367, 2699, 3043, 3420, 3801, 4146, 4591, 4753]","[393, 736, 1124, 1523, 1916, 2245, 2602, 2935, 3259, 3708, 4075, 4454, 4817, 4983]","[108, 466, 846, 1243, 1620, 1975, 2317, 2649, 2993, 3370, 3751, 4096, 4541, 4703]","[443, 786, 1174, 1573, 1966, 2295, 2652, 2985, 3309, 3758, 4125, 4504, 4867, 5033]","[220, 581, 960, 1356, 1734, 2093, 2431, 2763, 3111, 3490, 3901, 4292, 4660, 4917]"
6,"[87, 334, 595, 1106, 1604, 2085, 2579, 3083, 3569, 4071, 4565]","[164, 434, 619, 1121, 1668, 2135, 2656, 3139, 3652, 4140, 4629]","[194, 453, 698, 1192, 1704, 2179, 2685, 3175, 3670, 4160, 4660]","[334, 595, 821, 1335, 1836, 2320, 2815, 3319, 3810, 4306, 4798]","[77, 312, 581, 1073, 1586, 2059, 2560, 3073, 3557, 4018, 4547]","[363, 623, 852, 1362, 1860, 2346, 2842, 3345, 3826, 4326, 4841]","[27, 262, 531, 1023, 1536, 2009, 2510, 3023, 3507, 3968, 4497]","[413, 673, 902, 1412, 1910, 2396, 2892, 3395, 3876, 4376, 4891]","[187, 446, 682, 1185, 1689, 2171, 2669, 3169, 3657, 4153, 4653]"
7,"[284, 831, 1336, 1844, 2401, 2974, 3490, 4011, 4559, 4795]","[353, 901, 1406, 1924, 2478, 3042, 3566, 4080, 4629, 4913]","[395, 924, 1437, 1974, 2516, 3092, 3594, 4129, 4674, 4920]","[528, 1062, 1573, 2094, 2646, 3221, 3734, 4253, 4795, 4922]","[277, 766, 1314, 1824, 2342, 2964, 3436, 3957, 4549, 4754]","[604, 1103, 1628, 2180, 2674, 3253, 3767, 4298, 4830, 4983]","[227, 716, 1264, 1774, 2292, 2914, 3386, 3907, 4499, 4704]","[654, 1153, 1678, 2230, 2724, 3303, 3817, 4348, 4880, 5033]","[367, 913, 1418, 1940, 2492, 3056, 3579, 4093, 4643, 4915]"
8,"[253, 669, 1095, 1516, 1954, 2389, 2809, 3232, 3657, 4093, 4526]","[331, 752, 1179, 1608, 2041, 2469, 2899, 3320, 3743, 4178, 4614]","[411, 776, 1217, 1645, 2061, 2506, 2920, 3331, 3760, 4200, 4636]","[478, 894, 1304, 1756, 2171, 2590, 3025, 3415, 3873, 4311, 4765]","[229, 642, 1085, 1507, 1940, 2353, 2799, 3180, 3619, 4081, 4499]","[512, 948, 1329, 1782, 2180, 2668, 3080, 3496, 3944, 4320, 4822]","[179, 592, 1035, 1457, 1890, 2303, 2749, 3130, 3569, 4031, 4449]","[562, 998, 1379, 1832, 2230, 2718, 3130, 3546, 3994, 4370, 4872]","[341, 763, 1189, 1616, 2050, 2480, 2908, 3328, 3752, 4188, 4625]"
9,"[385, 810, 1280, 1733, 2169, 2605, 3049, 3543, 4003, 4466, 4810]","[417, 852, 1317, 1779, 2214, 2639, 3091, 3577, 4047, 4498, 4918]","[451, 872, 1336, 1799, 2236, 2660, 3112, 3598, 4070, 4523, nan]","[577, 1007, 1478, 1940, 2369, 2791, 3246, 3733, 4205, 4650, nan]","[357, 796, 1259, 1723, 2160, 2583, 3033, 3520, 3992, 4443, 4802]","[615, 1047, 1505, 1966, 2403, 2827, 3278, 3789, 4240, 4693, nan]","[307, 746, 1209, 1673, 2110, 2533, 2983, 3470, 3942, 4393, 4752]","[665.0, 1097.0, 1555.0, 2016.0, 2453.0, 2877.0, 3328.0, 3839.0, 4290.0, 4743.0, nan]","[429, 864, 1328, 1791, 2227, 2652, 3103, 3589, 4060, 4513, 4924]"
10,"[189, 503, 862, 1214, 1584, 1916, 2229, 2557, 2897, 3261, 3589, 3935, 4248, 4575, 4775]","[206, 550, 908, 1263, 1615, 1938, 2279, 2603, 2941, 3292, 3624, 3961, 4293, 4613, 4891]","[255, 616, 950, 1332, 1670, 1979, 2335, 2639, 2989, 3353, 3683, 4003, 4350, 4690, 4911]","[371, 708, 1059, 1422, 1754, 2107, 2419, 2758, 3087, 3448, 3775, 4117, 4442, 4775, 4930]","[163, 489, 853, 1204, 1505, 1810, 2219, 2547, 2889, 3249, 3579, 3926, 4165, 4548, 4742]","[419, 741, 1096, 1457, 1806, 2158, 2470, 2806, 3138, 3513, 3854, 4165, 4499, 4838, 4985]","[113, 439, 803, 1154, 1455, 1760, 2169, 2497, 2839, 3199, 3529, 3876, 4115, 4498, 4692]","[469, 791, 1146, 1507, 1856, 2208, 2520, 2856, 3188, 3563, 3904, 4215, 4549, 4888, 5035]","[236, 568, 923, 1278, 1629, 1964, 2295, 2622, 2963, 3305, 3654, 3989, 4314, 4641, 4907]"
11,"[361, 803, nan, 1559, 1802, 2233, 2621, nan, 3542, 3829, 4372, 4836]","[374, 833, nan, 1563, 1846, 2316, 2718, nan, 3573, 3832, 4397, 4872]","[433, 876, 1284, 1592, 1884, 2357, 2747, 3254, 3623, 3945, 4467, 4926]","[549, 993, 1396, 1703, 1993, 2474, 2863, 3375, 3734, 4062, 4589, nan]","[314, 777, nan, 1471, 1749, 2207, 2594, nan, 3479, 3811, 4336, 4788]","[573, 1013, 1422, 1730, 2021, 2496, 2881, 3396, 3756, 4075, 4613, nan]","[264.0, 727.0, nan, 1421.0, 1699.0, 2157.0, 2544.0, nan, 3429.0, 3761.0, 4286.0, 4738.0]","[623.0, 1063.0, 1472.0, 1780.0, 2071.0, 2546.0, 2931.0, 3446.0, 3806.0, 4125.0, 4663.0, nan]","[420, 863, 1269, 1579, 1871, 2344, 2734, 3241, 3610, 3933, 4454, 4913]"
12,"[266, 639, 1066, 1471, 1857, 2248, 2599, 2960, 3353, 3809, 4233, 4664]","[310, 679, 1108, 1507, 1905, 2285, 2652, 3005, 3404, 3845, 4283, 4715]","[337, 711, 1140, 1548, 1936, 2322, 2679, 3032, 3443, 3891, 4330, 4738]","[434, 817, 1240, 1634, 2042, 2417, 2785, 3131, 3542, 3984, 4412, 4844]","[245, 593, 1047, 1435, 1835, 2220, 2593, 2943, 3342, 3800, 4216, 4655]","[507, 850, 1287, 1707, 2073, 2488, 2816, 3164, 3569, 4013, 4446, 4884]","[195, 543, 997, 1385, 1785, 2170, 2543, 2893, 3292, 3750, 4166, 4605]","[557, 900, 1337, 1757, 2123, 2538, 2866, 3214, 3619, 4063, 4496, 4934]","[321, 690, 1119, 1520, 1918, 2298, 2662, 3015, 3415, 3856, 4295, 4727]"
13,"[172, 509, 857, 1199, 1555, 1903, 2234, 2556, 2885, 3228, 3583, 3926, 4266, 4609]","[194, 548, 882, 1245, 1586, 1933, 2273, 2606, 2920, 3272, 3611, 3971, 4291, 4664]","[243, 584, 929, 1283, 1631, 1977, 2310, 2633, 2964, 3302, 3656, 4005, 4348, 4694]","[339, 682, 1025, 1374, 1726, 2067, 2392, 2718, 3058, 3388, 3771, 4100, 4439, 4787]","[129, 493, 814, 1166, 1493, 1866, 2211, 2491, 2816, 3182, 3571, 3907, 4250, 4586]","[369, 748, 1045, 1490, 1820, 2114, 2444, 2816, 3123, 3435, 3783, 4191, 4453, 4807]","[79, 443, 764, 1116, 1443, 1816, 2161, 2441, 2766, 3132, 3521, 3857, 4200, 4536]","[419, 798, 1095, 1540, 1870, 2164, 2494, 2866, 3173, 3485, 3833, 4241, 4503, 4857]","[234, 576, 919, 1272, 1622, 1968, 2301, 2625, 2953, 3293, 3646, 3995, 4340, 4684]"
14,"[452, 908, 1338, 1738, 2117, 2548, 3014, 3486, 3934, 4407, 4841]","[495, 944, 1374, 1780, 2169, 2592, 3056, 3527, 3985, 4445, 4893]","[524, 972, 1404, 1806, 2198, 2619, 3083, 3552, 4011, 4475, 4926]","[635, 1083, 1520, 1927, 2309, 2738, 3200, 3667, 4127, 4592, 4938]","[426, 882, 1306, 1716, 2109, 2518, 2992, 3462, 3907, 4384, 4832]","[695, 1121, 1580, 1953, 2394, 2765, 3276, 3695, 4171, 4618, 4984]","[376, 832, 1256, 1666, 2059, 2468, 2942, 3412, 3857, 4334, 4782]","[745, 1171, 1630, 2003, 2444, 2815, 3326, 3745, 4221, 4668, 5034]","[512, 962, 1392, 1796, 2187, 2608, 3073, 3541, 4000, 4462, 4915]"
15,"[484, 905, 1308, 1719, 2102, 2493, 2873, 3248, 3662, 4044, 4428, 4845]","[530, 949, 1363, 1765, 2146, 2538, 2926, 3316, 3705, 4094, 4498, 4902]","[600, 1004, 1405, 1839, 2180, 2591, 2968, 3366, 3745, 4139, 4557, nan]","[681, 1095, 1499, 1912, 2295, 2686, 3074, 3465, 3848, 4240, 4645, nan]","[457, 859, 1275, 1698, 2047, 2456, 2860, 3213, 3654, 4025, 4417, 4816]","[704, 1120, 1534, 1941, 2326, 2723, 3098, 3504, 3887, 4263, 4692, nan]","[407, 809, 1225, 1648, 1997, 2406, 2810, 3163, 3604, 3975, 4367, 4766]","[754.0, 1170.0, 1584.0, 1991.0, 2376.0, 2773.0, 3148.0, 3554.0, 3937.0, 4313.0, 4742.0, nan]","[543, 960, 1374, 1777, 2158, 2550, 2938, 3330, 3718, 4105, 4511, 4915]"
16,"[379, 731, 1066, 1412, 1753, 2097, 2437, 2794, 3154, 3518, 3887, 4239, 4599, 4784]","[409, 749, 1110, 1444, 1786, 2142, 2487, 2839, 3198, 3556, 3923, 4286, 4641, 4898]","[485, 836, 1154, 1497, 1842, 2188, 2532, 2909, 3267, 3617, 3966, 4344, 4689, 4925]","[567, 916, 1258, 1593, 1939, 2284, 2633, 2989, 3348, 3708, 4065, 4425, 4784, 4940]","[352, 635, 983, 1395, 1682, 2087, 2406, 2765, 3122, 3469, 3844, 4229, 4589, 4759]","[604, 983, 1288, 1681, 1975, 2316, 2675, 3014, 3417, 3735, 4134, 4472, 4833, 4982]","[302, 585, 933, 1345, 1632, 2037, 2356, 2715, 3072, 3419, 3794, 4179, 4539, 4709]","[654, 1033, 1338, 1731, 2025, 2366, 2725, 3064, 3467, 3785, 4184, 4522, 4883, 5032]","[440, 781, 1125, 1468, 1812, 2156, 2500, 2854, 3218, 3578, 3940, 4298, 4658, 4918]"
